cell_id,l0,l1,d0,d1,depth,near_boundary,trials,exact_recovery_frequency,mean_seed_fraction
0,0.0,0.0353677651315323,0.0,0.3333333333333333,0,0,10,0.0,0.03737248379294054
1,0.0353677651315323,0.18568076694054456,0.0,0.08333333333333333,2,0,10,0.0,0.02981449770083029
2,0.0353677651315323,0.18568076694054456,0.08333333333333333,0.16666666666666666,2,0,10,0.0,0.03236127251257185
3,0.18568076694054456,0.33599376874955683,0.0,0.08333333333333333,2,0,10,0.0,0.03138940543888212
4,0.18568076694054456,0.2608372678450507,0.08333333333333333,0.125,3,0,10,0.6,0.03311461156232442
5,0.18568076694054456,0.22325901739279763,0.125,0.14583333333333331,4,0,10,0.9,0.03400433230367715
6,0.18568076694054456,0.2044698921666711,0.14583333333333331,0.15625,5,0,10,1.0,0.03253195138852896
7,0.18568076694054456,0.2044698921666711,0.15625,0.16666666666666666,5,0,10,1.0,0.03171364090710408
8,0.2044698921666711,0.22325901739279763,0.14583333333333331,0.15625,5,0,10,1.0,0.03379950971186208
9,0.2044698921666711,0.22325901739279763,0.15625,0.16666666666666666,5,1,20,1.0,0.033235059092532826
10,0.22325901739279763,0.24204814261892416,0.125,0.13541666666666666,5,0,10,0.9,0.03318277721836122
11,0.22325901739279763,0.24204814261892416,0.13541666666666666,0.14583333333333331,5,0,10,0.9,0.033909062286809996
12,0.24204814261892416,0.2608372678450507,0.125,0.13541666666666666,5,0,10,1.0,0.03138119153629609
13,0.24204814261892416,0.2608372678450507,0.13541666666666666,0.14583333333333331,5,1,20,1.0,0.03393642040638485
14,0.22325901739279763,0.24204814261892416,0.14583333333333331,0.15625,5,1,20,1.0,0.03167681231073187
15,0.22325901739279763,0.24204814261892416,0.15625,0.16666666666666666,5,1,20,1.0,0.033785739422141095
16,0.24204814261892416,0.2608372678450507,0.14583333333333331,0.15625,5,1,20,1.0,0.03285182844377714
17,0.24204814261892416,0.2608372678450507,0.15625,0.16666666666666666,5,0,10,1.0,0.032916788196816045
18,0.2608372678450507,0.29841551829730373,0.08333333333333333,0.10416666666666666,4,0,10,0.9,0.03186433688296541
19,0.2608372678450507,0.2796263930711772,0.10416666666666666,0.11458333333333333,5,0,10,0.9,0.03325027761498939
20,0.2608372678450507,0.2796263930711772,0.11458333333333333,0.125,5,0,10,1.0,0.03200122596515255
21,0.2796263930711772,0.29841551829730373,0.10416666666666666,0.11458333333333333,5,0,10,1.0,0.03438850804790543
22,0.2796263930711772,0.29841551829730373,0.11458333333333333,0.125,5,1,20,1.0,0.03358290511291602
23,0.29841551829730373,0.33599376874955683,0.08333333333333333,0.10416666666666666,4,0,10,1.0,0.03290627095300981
24,0.29841551829730373,0.31720464352343025,0.10416666666666666,0.11458333333333333,5,1,20,0.95,0.03235581002510669
25,0.29841551829730373,0.31720464352343025,0.11458333333333333,0.125,5,1,20,1.0,0.033189227265363885
26,0.31720464352343025,0.33599376874955683,0.10416666666666666,0.11458333333333333,5,1,20,1.0,0.03378517131422824
27,0.31720464352343025,0.33599376874955683,0.11458333333333333,0.125,5,0,10,1.0,0.034449259356546094
28,0.2608372678450507,0.2796263930711772,0.125,0.13541666666666666,5,1,20,1.0,0.03419453322530845
29,0.2608372678450507,0.2796263930711772,0.13541666666666666,0.14583333333333331,5,1,20,1.0,0.03282320036023131
30,0.2796263930711772,0.29841551829730373,0.125,0.13541666666666666,5,1,20,1.0,0.03288661269605423
31,0.2796263930711772,0.29841551829730373,0.13541666666666666,0.14583333333333331,5,0,10,1.0,0.032844876365616595
32,0.2608372678450507,0.29841551829730373,0.14583333333333331,0.16666666666666666,4,0,10,1.0,0.032895699174120246
33,0.29841551829730373,0.33599376874955683,0.125,0.14583333333333331,4,0,10,1.0,0.03333319853192816
34,0.29841551829730373,0.33599376874955683,0.14583333333333331,0.16666666666666666,4,0,10,1.0,0.03423907020281458
35,0.0353677651315323,0.11052426603603843,0.16666666666666666,0.20833333333333331,3,0,10,0.0,0.030199257391766727
36,0.0353677651315323,0.11052426603603843,0.20833333333333331,0.25,3,0,10,0.2,0.03525868658081888
37,0.11052426603603843,0.14810251648829148,0.16666666666666666,0.1875,4,0,10,0.9,0.033976419179180276
38,0.11052426603603843,0.14810251648829148,0.1875,0.20833333333333331,4,0,10,0.9,0.03241261681987978
39,0.14810251648829148,0.18568076694054456,0.16666666666666666,0.1875,4,0,10,0.9,0.0353814518667375
40,0.14810251648829148,0.166891641714418,0.1875,0.19791666666666666,5,0,10,1.0,0.031221027620293086
41,0.14810251648829148,0.166891641714418,0.19791666666666666,0.20833333333333331,5,0,10,0.9,0.03379787867881886
42,0.166891641714418,0.18568076694054456,0.1875,0.19791666666666666,5,1,20,1.0,0.03222514909208532
43,0.166891641714418,0.18568076694054456,0.19791666666666666,0.20833333333333331,5,1,20,1.0,0.03408089628175827
44,0.11052426603603843,0.14810251648829148,0.20833333333333331,0.22916666666666666,4,0,10,1.0,0.03430625503249868
45,0.11052426603603843,0.12931339126216496,0.22916666666666666,0.23958333333333331,5,0,10,1.0,0.032293756887274885
46,0.11052426603603843,0.12931339126216496,0.23958333333333331,0.25,5,0,10,0.9,0.033761849550305416
47,0.12931339126216496,0.14810251648829148,0.22916666666666666,0.23958333333333331,5,1,20,1.0,0.033313961771451676
48,0.12931339126216496,0.14810251648829148,0.23958333333333331,0.25,5,1,20,1.0,0.03270757001211766
49,0.14810251648829148,0.166891641714418,0.20833333333333331,0.21875,5,1,20,1.0,0.03446020392988589
50,0.14810251648829148,0.166891641714418,0.21875,0.22916666666666666,5,1,20,0.95,0.033406009327234566
51,0.166891641714418,0.18568076694054456,0.20833333333333331,0.21875,5,1,20,1.0,0.03343396393669441
52,0.166891641714418,0.18568076694054456,0.21875,0.22916666666666666,5,0,10,1.0,0.03440266005180691
53,0.14810251648829148,0.166891641714418,0.22916666666666666,0.23958333333333331,5,1,20,1.0,0.031441998829536445
54,0.14810251648829148,0.166891641714418,0.23958333333333331,0.25,5,0,10,1.0,0.03452716281968439
55,0.166891641714418,0.18568076694054456,0.22916666666666666,0.23958333333333331,5,0,10,1.0,0.0334222054119531
56,0.166891641714418,0.18568076694054456,0.23958333333333331,0.25,5,0,10,1.0,0.0326456403462085
57,0.0353677651315323,0.11052426603603843,0.25,0.29166666666666663,3,0,10,0.5,0.034284305945591335
58,0.0353677651315323,0.07294601558378537,0.29166666666666663,0.3125,4,0,10,0.2,0.032538101871225626
59,0.0353677651315323,0.07294601558378537,0.3125,0.3333333333333333,4,0,10,0.5,0.03001995711535499
60,0.07294601558378537,0.11052426603603843,0.29166666666666663,0.3125,4,0,10,0.8,0.03514316396302634
61,0.07294601558378537,0.09173514080991191,0.3125,0.32291666666666663,5,0,10,1.0,0.0320511853773541
62,0.07294601558378537,0.09173514080991191,0.32291666666666663,0.3333333333333333,5,0,10,0.7,0.03266984716161365
63,0.09173514080991191,0.11052426603603843,0.3125,0.32291666666666663,5,1,20,0.9,0.030626453482540346
64,0.09173514080991191,0.11052426603603843,0.32291666666666663,0.3333333333333333,5,1,20,0.95,0.03167367508475372
65,0.11052426603603843,0.12931339126216496,0.25,0.26041666666666663,5,0,10,1.0,0.032200173053700806
66,0.11052426603603843,0.12931339126216496,0.26041666666666663,0.2708333333333333,5,0,10,1.0,0.03396063473212039
67,0.12931339126216496,0.14810251648829148,0.25,0.26041666666666663,5,1,20,1.0,0.033706146175462894
68,0.12931339126216496,0.14810251648829148,0.26041666666666663,0.2708333333333333,5,1,20,1.0,0.03360323506345035
69,0.11052426603603843,0.12931339126216496,0.2708333333333333,0.28125,5,1,20,1.0,0.03525597349847613
70,0.11052426603603843,0.12931339126216496,0.28125,0.29166666666666663,5,1,20,0.9,0.03541648849266898
71,0.12931339126216496,0.14810251648829148,0.2708333333333333,0.28125,5,1,20,1.0,0.032981038924997
72,0.12931339126216496,0.14810251648829148,0.28125,0.29166666666666663,5,0,10,1.0,0.03464098923109367
73,0.14810251648829148,0.18568076694054456,0.25,0.2708333333333333,4,0,10,1.0,0.03273068185421425
74,0.14810251648829148,0.18568076694054456,0.2708333333333333,0.29166666666666663,4,0,10,1.0,0.03387265943868843
75,0.11052426603603843,0.12931339126216496,0.29166666666666663,0.3020833333333333,5,1,20,0.95,0.03404847028693855
76,0.11052426603603843,0.12931339126216496,0.3020833333333333,0.3125,5,1,20,1.0,0.03385871527878446
77,0.12931339126216496,0.14810251648829148,0.29166666666666663,0.3020833333333333,5,0,10,1.0,0.035762963016384895
78,0.12931339126216496,0.14810251648829148,0.3020833333333333,0.3125,5,0,10,1.0,0.03341430373133966
79,0.11052426603603843,0.12931339126216496,0.3125,0.32291666666666663,5,1,20,0.95,0.03386483021703805
80,0.11052426603603843,0.12931339126216496,0.32291666666666663,0.3333333333333333,5,0,10,1.0,0.030562366940771364
81,0.12931339126216496,0.14810251648829148,0.3125,0.32291666666666663,5,0,10,1.0,0.03530770044149513
82,0.12931339126216496,0.14810251648829148,0.32291666666666663,0.3333333333333333,5,0,10,1.0,0.03401990031723223
83,0.14810251648829148,0.18568076694054456,0.29166666666666663,0.3125,4,0,10,1.0,0.03146924967297107
84,0.14810251648829148,0.18568076694054456,0.3125,0.3333333333333333,4,0,10,1.0,0.033613977697749195
85,0.18568076694054456,0.2044698921666711,0.16666666666666666,0.17708333333333331,5,1,20,0.9,0.034481391698418316
86,0.18568076694054456,0.2044698921666711,0.17708333333333331,0.1875,5,1,20,0.95,0.03454281487488935
87,0.2044698921666711,0.22325901739279763,0.16666666666666666,0.17708333333333331,5,1,20,1.0,0.033567323933701335
88,0.2044698921666711,0.22325901739279763,0.17708333333333331,0.1875,5,0,10,1.0,0.031151935677648825
89,0.18568076694054456,0.2044698921666711,0.1875,0.19791666666666666,5,1,20,1.0,0.03276116747247177
90,0.18568076694054456,0.2044698921666711,0.19791666666666666,0.20833333333333331,5,0,10,0.9,0.033347749380849126
91,0.2044698921666711,0.22325901739279763,0.1875,0.19791666666666666,5,0,10,1.0,0.03470783195305731
92,0.2044698921666711,0.22325901739279763,0.19791666666666666,0.20833333333333331,5,0,10,1.0,0.031185589222021727
93,0.22325901739279763,0.2608372678450507,0.16666666666666666,0.1875,4,0,10,1.0,0.032056545487673706
94,0.22325901739279763,0.2608372678450507,0.1875,0.20833333333333331,4,0,10,1.0,0.03271774180450278
95,0.18568076694054456,0.2608372678450507,0.20833333333333331,0.25,3,0,10,1.0,0.032461900755282894
96,0.2608372678450507,0.33599376874955683,0.16666666666666666,0.20833333333333331,3,0,10,1.0,0.034793610314913716
97,0.2608372678450507,0.33599376874955683,0.20833333333333331,0.25,3,0,10,1.0,0.033808962052756256
98,0.18568076694054456,0.33599376874955683,0.25,0.3333333333333333,2,0,10,1.0,0.03368257035434831
99,0.33599376874955683,0.411150269654063,0.0,0.041666666666666664,3,0,10,0.0,0.03450896950666962
100,0.33599376874955683,0.411150269654063,0.041666666666666664,0.08333333333333333,3,0,10,0.6,0.03192941134833255
101,0.411150269654063,0.4863067705585691,0.0,0.041666666666666664,3,0,10,0.0,0.03291272967833598
102,0.411150269654063,0.44872852010631603,0.041666666666666664,0.0625,4,0,10,0.7,0.033114525656304496
103,0.411150269654063,0.4299393948801895,0.0625,0.07291666666666666,5,0,10,0.9,0.031191773202804564
104,0.411150269654063,0.4299393948801895,0.07291666666666666,0.08333333333333333,5,1,20,1.0,0.033191597684192185
105,0.4299393948801895,0.44872852010631603,0.0625,0.07291666666666666,5,0,10,0.7,0.03538251485205697
106,0.4299393948801895,0.44872852010631603,0.07291666666666666,0.08333333333333333,5,1,20,1.0,0.032930158537711154
107,0.44872852010631603,0.4863067705585691,0.041666666666666664,0.0625,4,0,10,0.5,0.034263447199480185
108,0.44872852010631603,0.46751764533244256,0.0625,0.07291666666666666,5,0,10,1.0,0.032922648925606916
109,0.44872852010631603,0.46751764533244256,0.07291666666666666,0.08333333333333333,5,1,20,0.95,0.03414845325292285
110,0.46751764533244256,0.4863067705585691,0.0625,0.07291666666666666,5,1,20,1.0,0.032702402644679156
111,0.46751764533244256,0.4863067705585691,0.07291666666666666,0.08333333333333333,5,1,20,1.0,0.03333790859189102
112,0.33599376874955683,0.3547828939756834,0.08333333333333333,0.09375,5,0,10,1.0,0.0337655618622945
113,0.33599376874955683,0.3547828939756834,0.09375,0.10416666666666666,5,1,20,1.0,0.03313241027882514
114,0.3547828939756834,0.37357201920180994,0.08333333333333333,0.09375,5,0,10,0.9,0.03276820202659636
115,0.3547828939756834,0.37357201920180994,0.09375,0.10416666666666666,5,1,20,1.0,0.03409563800553882
116,0.33599376874955683,0.3547828939756834,0.10416666666666666,0.11458333333333333,5,1,20,1.0,0.031330558143480715
117,0.33599376874955683,0.3547828939756834,0.11458333333333333,0.125,5,0,10,1.0,0.032053397927376506
118,0.3547828939756834,0.37357201920180994,0.10416666666666666,0.11458333333333333,5,0,10,1.0,0.03193694643210127
119,0.3547828939756834,0.37357201920180994,0.11458333333333333,0.125,5,0,10,1.0,0.031560258843464827
120,0.37357201920180994,0.39236114442793646,0.08333333333333333,0.09375,5,1,20,1.0,0.03239013420454127
121,0.37357201920180994,0.39236114442793646,0.09375,0.10416666666666666,5,1,20,1.0,0.0325600070510177
122,0.39236114442793646,0.411150269654063,0.08333333333333333,0.09375,5,1,20,1.0,0.03274832360620137
123,0.39236114442793646,0.411150269654063,0.09375,0.10416666666666666,5,0,10,1.0,0.03163548028229503
124,0.37357201920180994,0.411150269654063,0.10416666666666666,0.125,4,0,10,1.0,0.0317266321654852
125,0.33599376874955683,0.411150269654063,0.125,0.16666666666666666,3,0,10,1.0,0.032301257693302915
126,0.411150269654063,0.4299393948801895,0.08333333333333333,0.09375,5,1,20,0.95,0.03297829549264701
127,0.411150269654063,0.4299393948801895,0.09375,0.10416666666666666,5,0,10,1.0,0.03319218998187447
128,0.4299393948801895,0.44872852010631603,0.08333333333333333,0.09375,5,0,10,0.9,0.033448668063003624
129,0.4299393948801895,0.44872852010631603,0.09375,0.10416666666666666,5,0,10,1.0,0.03222080194560883
130,0.411150269654063,0.44872852010631603,0.10416666666666666,0.125,4,0,10,1.0,0.032898392308860734
131,0.44872852010631603,0.4863067705585691,0.08333333333333333,0.10416666666666666,4,0,10,1.0,0.03306429043232099
132,0.44872852010631603,0.4863067705585691,0.10416666666666666,0.125,4,0,10,1.0,0.03340679688319143
133,0.411150269654063,0.4863067705585691,0.125,0.16666666666666666,3,0,10,1.0,0.03226193159599863
134,0.4863067705585691,0.5614632714630752,0.0,0.041666666666666664,3,0,10,0.0,0.03389410440786842
135,0.4863067705585691,0.5238850210108221,0.041666666666666664,0.0625,4,0,10,0.6,0.03419042501729082
136,0.4863067705585691,0.5050958957846956,0.0625,0.07291666666666666,5,1,20,0.95,0.034260168266564105
137,0.4863067705585691,0.5050958957846956,0.07291666666666666,0.08333333333333333,5,0,10,1.0,0.032917911592987
138,0.5050958957846956,0.5238850210108221,0.0625,0.07291666666666666,5,1,20,0.95,0.03250229729312122
139,0.5050958957846956,0.5238850210108221,0.07291666666666666,0.08333333333333333,5,0,10,1.0,0.03174676476815565
140,0.5238850210108221,0.5614632714630752,0.041666666666666664,0.0625,4,0,10,0.9,0.03230659190514164
141,0.5238850210108221,0.5426741462369487,0.0625,0.07291666666666666,5,1,20,0.95,0.0330128733912589
142,0.5238850210108221,0.5426741462369487,0.07291666666666666,0.08333333333333333,5,0,10,1.0,0.033813945950396655
143,0.5426741462369487,0.5614632714630752,0.0625,0.07291666666666666,5,1,20,1.0,0.03407475200197062
144,0.5426741462369487,0.5614632714630752,0.07291666666666666,0.08333333333333333,5,0,10,1.0,0.033084124542864864
145,0.5614632714630752,0.6366197723675814,0.0,0.041666666666666664,3,0,10,0.0,0.034542020699511455
146,0.5614632714630752,0.5802523966892017,0.041666666666666664,0.05208333333333333,5,0,10,1.0,0.03403801968038066
147,0.5614632714630752,0.5802523966892017,0.05208333333333333,0.0625,5,1,20,1.0,0.03331114746797287
148,0.5802523966892017,0.5990415219153282,0.041666666666666664,0.05208333333333333,5,0,10,0.8,0.03486996859871746
149,0.5802523966892017,0.5990415219153282,0.05208333333333333,0.0625,5,1,20,1.0,0.03308161717981682
150,0.5614632714630752,0.5802523966892017,0.0625,0.07291666666666666,5,1,20,1.0,0.03344775093396949
151,0.5614632714630752,0.5802523966892017,0.07291666666666666,0.08333333333333333,5,0,10,1.0,0.03346169548019782
152,0.5802523966892017,0.5990415219153282,0.0625,0.07291666666666666,5,0,10,0.9,0.032765132773043416
153,0.5802523966892017,0.5990415219153282,0.07291666666666666,0.08333333333333333,5,0,10,1.0,0.03487218568046461
154,0.5990415219153282,0.6178306471414547,0.041666666666666664,0.05208333333333333,5,0,10,0.8,0.03284815732767598
155,0.5990415219153282,0.6178306471414547,0.05208333333333333,0.0625,5,1,20,0.8,0.033911220648635415
156,0.6178306471414547,0.6366197723675814,0.041666666666666664,0.05208333333333333,5,0,10,0.7,0.03287009257345646
157,0.6178306471414547,0.6366197723675814,0.05208333333333333,0.0625,5,1,20,1.0,0.03252790468277289
158,0.5990415219153282,0.6366197723675814,0.0625,0.08333333333333333,4,0,10,1.0,0.032811933997649416
159,0.4863067705585691,0.6366197723675814,0.08333333333333333,0.16666666666666666,2,0,10,1.0,0.03240948122238118
160,0.33599376874955683,0.6366197723675814,0.16666666666666666,0.3333333333333333,1,0,10,1.0,0.03400295449561898
161,0.6366197723675814,0.7757923008216336,0.0,0.041666666666666664,3,0,10,0.0,0.032430398972283496
162,0.6366197723675814,0.6714129044810944,0.041666666666666664,0.05208333333333333,5,0,10,0.8,0.0320720386110198
163,0.6366197723675814,0.6714129044810944,0.05208333333333333,0.0625,5,1,20,1.0,0.03351069864361987
164,0.6714129044810944,0.7062060365946075,0.041666666666666664,0.05208333333333333,5,1,20,1.0,0.03361832514977543
165,0.6714129044810944,0.7062060365946075,0.05208333333333333,0.0625,5,1,20,1.0,0.03278132102816001
166,0.6366197723675814,0.7062060365946075,0.0625,0.08333333333333333,4,0,10,1.0,0.03283900483295386
167,0.7062060365946075,0.7409991687081205,0.041666666666666664,0.05208333333333333,5,1,20,1.0,0.03295769716438137
168,0.7062060365946075,0.7409991687081205,0.05208333333333333,0.0625,5,0,10,1.0,0.03267581107671919
169,0.7409991687081205,0.7757923008216336,0.041666666666666664,0.05208333333333333,5,1,20,0.95,0.03262039141520366
170,0.7409991687081205,0.7757923008216336,0.05208333333333333,0.0625,5,0,10,1.0,0.03389310452124593
171,0.7062060365946075,0.7757923008216336,0.0625,0.08333333333333333,4,0,10,1.0,0.03215759131815806
172,0.7757923008216336,0.8453785650486598,0.0,0.020833333333333332,4,0,10,0.0,0.03352789782259917
173,0.7757923008216336,0.8453785650486598,0.020833333333333332,0.041666666666666664,4,0,10,0.5,0.033076719154203245
174,0.8453785650486598,0.914964829275686,0.0,0.020833333333333332,4,0,10,0.0,0.033689267581638455
175,0.8453785650486598,0.8801716971621729,0.020833333333333332,0.03125,5,0,10,0.2,0.03356425598676079
176,0.8453785650486598,0.8801716971621729,0.03125,0.041666666666666664,5,1,20,0.9,0.03263361145558061
177,0.8801716971621729,0.914964829275686,0.020833333333333332,0.03125,5,0,10,0.1,0.03258760202310827
178,0.8801716971621729,0.914964829275686,0.03125,0.041666666666666664,5,1,20,0.95,0.03385298887674377
179,0.7757923008216336,0.8105854329351467,0.041666666666666664,0.05208333333333333,5,1,20,1.0,0.03438712365504139
180,0.7757923008216336,0.8105854329351467,0.05208333333333333,0.0625,5,0,10,1.0,0.03134636667485963
181,0.8105854329351467,0.8453785650486598,0.041666666666666664,0.05208333333333333,5,1,20,1.0,0.033773415092432084
182,0.8105854329351467,0.8453785650486598,0.05208333333333333,0.0625,5,0,10,1.0,0.033688925935602174
183,0.7757923008216336,0.8453785650486598,0.0625,0.08333333333333333,4,0,10,1.0,0.03332373893946279
184,0.8453785650486598,0.8801716971621729,0.041666666666666664,0.05208333333333333,5,1,20,1.0,0.03315719327061244
185,0.8453785650486598,0.8801716971621729,0.05208333333333333,0.0625,5,0,10,1.0,0.032821768808742366
186,0.8801716971621729,0.914964829275686,0.041666666666666664,0.05208333333333333,5,0,10,1.0,0.03407081799466206
187,0.8801716971621729,0.914964829275686,0.05208333333333333,0.0625,5,0,10,1.0,0.032400678150010985
188,0.8453785650486598,0.914964829275686,0.0625,0.08333333333333333,4,0,10,1.0,0.032902247435887697
189,0.6366197723675814,0.914964829275686,0.08333333333333333,0.16666666666666666,2,0,10,1.0,0.03363997738554486
190,0.914964829275686,0.9845510935027122,0.0,0.020833333333333332,4,0,10,0.0,0.033441156535456554
191,0.914964829275686,0.9497579613891991,0.020833333333333332,0.03125,5,0,10,0.3,0.03320689882324719
192,0.914964829275686,0.9497579613891991,0.03125,0.041666666666666664,5,1,20,0.85,0.032757717716730195
193,0.9497579613891991,0.9845510935027122,0.020833333333333332,0.03125,5,0,10,0.3,0.03385286823026822
194,0.9497579613891991,0.9845510935027122,0.03125,0.041666666666666664,5,1,20,0.95,0.03329043497522103
195,0.9845510935027122,1.0541373577297384,0.0,0.020833333333333332,4,0,10,0.0,0.03357340905304354
196,0.9845510935027122,1.0193442256162253,0.020833333333333332,0.03125,5,0,10,0.2,0.032829397957454036
197,0.9845510935027122,1.0193442256162253,0.03125,0.041666666666666664,5,1,20,0.9,0.033670509750638386
198,1.0193442256162253,1.0541373577297384,0.020833333333333332,0.03125,5,0,10,0.5,0.03247424490376432
199,1.0193442256162253,1.0541373577297384,0.03125,0.041666666666666664,5,1,20,1.0,0.03237862995869272
200,0.914964829275686,1.0541373577297384,0.041666666666666664,0.08333333333333333,3,0,10,1.0,0.03319231105216176
201,1.0541373577297384,1.1237236219567646,0.0,0.020833333333333332,4,0,10,0.0,0.03399307603804856
202,1.0541373577297384,1.0889304898432515,0.020833333333333332,0.03125,5,0,10,0.7,0.032271726292461375
203,1.0541373577297384,1.0889304898432515,0.03125,0.041666666666666664,5,1,20,1.0,0.032662410605970284
204,1.0889304898432515,1.1237236219567646,0.020833333333333332,0.03125,5,0,10,0.8,0.03390246965015324
205,1.0889304898432515,1.1237236219567646,0.03125,0.041666666666666664,5,1,20,1.0,0.03324209545778293
206,1.1237236219567646,1.1933098861837907,0.0,0.020833333333333332,4,0,10,0.0,0.03294566509018047
207,1.1237236219567646,1.1585167540702777,0.020833333333333332,0.03125,5,1,20,0.95,0.03311928589636402
208,1.1237236219567646,1.1585167540702777,0.03125,0.041666666666666664,5,1,20,1.0,0.03351914471300614
209,1.1585167540702777,1.1933098861837907,0.020833333333333332,0.03125,5,1,20,0.8,0.03289723918359486
210,1.1585167540702777,1.1933098861837907,0.03125,0.041666666666666664,5,0,10,1.0,0.033371954620440736
211,1.0541373577297384,1.1933098861837907,0.041666666666666664,0.08333333333333333,3,0,10,1.0,0.033096324926306875
212,0.914964829275686,1.1933098861837907,0.08333333333333333,0.16666666666666666,2,0,10,1.0,0.03356456065896775
213,0.6366197723675814,1.1933098861837907,0.16666666666666666,0.3333333333333333,1,0,10,1.0,0.03370093978294551
214,1.1933098861837907,1.2628961504108167,0.0,0.020833333333333332,4,0,10,0.0,0.03322192117676481
215,1.1933098861837907,1.2281030182973036,0.020833333333333332,0.03125,5,1,20,0.8,0.033003859164933896
216,1.1933098861837907,1.2281030182973036,0.03125,0.041666666666666664,5,0,10,1.0,0.03253852667286576
217,1.2281030182973036,1.2628961504108167,0.020833333333333332,0.03125,5,1,20,0.9,0.03310825571405775
218,1.2281030182973036,1.2628961504108167,0.03125,0.041666666666666664,5,0,10,1.0,0.032925129709068975
219,1.2628961504108167,1.332482414637843,0.0,0.020833333333333332,4,0,10,0.0,0.03285269211005588
220,1.2628961504108167,1.2976892825243298,0.020833333333333332,0.03125,5,1,20,0.9,0.03264524027923913
221,1.2628961504108167,1.2976892825243298,0.03125,0.041666666666666664,5,0,10,1.0,0.033769778433108695
222,1.2976892825243298,1.332482414637843,0.020833333333333332,0.03125,5,1,20,1.0,0.033158608085973346
223,1.2976892825243298,1.332482414637843,0.03125,0.041666666666666664,5,0,10,1.0,0.033472999708617654
224,1.1933098861837907,1.332482414637843,0.041666666666666664,0.08333333333333333,3,0,10,1.0,0.03309165298519844
225,1.332482414637843,1.402068678864869,0.0,0.020833333333333332,4,0,10,0.0,0.03303162634044636
226,1.332482414637843,1.367275546751356,0.020833333333333332,0.03125,5,1,20,0.85,0.03282949356918624
227,1.332482414637843,1.367275546751356,0.03125,0.041666666666666664,5,0,10,1.0,0.032736138509205426
228,1.367275546751356,1.402068678864869,0.020833333333333332,0.03125,5,1,20,1.0,0.03329846273194668
229,1.367275546751356,1.402068678864869,0.03125,0.041666666666666664,5,0,10,1.0,0.03274675923110416
230,1.402068678864869,1.4716549430918953,0.0,0.020833333333333332,4,0,10,0.0,0.03379593210368364
231,1.402068678864869,1.4368618109783822,0.020833333333333332,0.03125,5,1,20,0.95,0.0330799213091825
232,1.402068678864869,1.4368618109783822,0.03125,0.041666666666666664,5,0,10,1.0,0.03369943076883634
233,1.4368618109783822,1.4716549430918953,0.020833333333333332,0.03125,5,1,20,0.95,0.033338210716579206
234,1.4368618109783822,1.4716549430918953,0.03125,0.041666666666666664,5,0,10,1.0,0.033110471661441085
235,1.332482414637843,1.4716549430918953,0.041666666666666664,0.08333333333333333,3,0,10,1.0,0.033621193272286125
236,1.1933098861837907,1.4716549430918953,0.08333333333333333,0.16666666666666666,2,0,10,1.0,0.032616538870378665
237,1.4716549430918953,1.5412412073189214,0.0,0.020833333333333332,4,0,10,0.0,0.033038459582747925
238,1.4716549430918953,1.5064480752054084,0.020833333333333332,0.03125,5,1,20,1.0,0.03327865699100786
239,1.4716549430918953,1.5064480752054084,0.03125,0.041666666666666664,5,0,10,1.0,0.0330890876931091
240,1.5064480752054084,1.5412412073189214,0.020833333333333332,0.03125,5,1,20,1.0,0.03350821103626088
241,1.5064480752054084,1.5412412073189214,0.03125,0.041666666666666664,5,0,10,1.0,0.033338168395828524
242,1.5412412073189214,1.6108274715459476,0.0,0.020833333333333332,4,0,10,0.0,0.03311260095935294
243,1.5412412073189214,1.5760343394324345,0.020833333333333332,0.03125,5,1,20,1.0,0.033166683659070516
244,1.5412412073189214,1.5760343394324345,0.03125,0.041666666666666664,5,0,10,1.0,0.03244027261757103
245,1.5760343394324345,1.6108274715459476,0.020833333333333332,0.03125,5,1,20,0.9,0.03368652586927902
246,1.5760343394324345,1.6108274715459476,0.03125,0.041666666666666664,5,0,10,1.0,0.032669500639403735
247,1.4716549430918953,1.6108274715459476,0.041666666666666664,0.08333333333333333,3,0,10,1.0,0.032947654267449285
248,1.6108274715459476,1.6804137357729738,0.0,0.020833333333333332,4,0,10,0.0,0.03309735019723213
249,1.6108274715459476,1.6456206036594607,0.020833333333333332,0.03125,5,1,20,1.0,0.032785557198988215
250,1.6108274715459476,1.6456206036594607,0.03125,0.041666666666666664,5,0,10,1.0,0.03256693600074517
251,1.6456206036594607,1.6804137357729738,0.020833333333333332,0.03125,5,1,20,1.0,0.032928396597303414
252,1.6456206036594607,1.6804137357729738,0.03125,0.041666666666666664,5,0,10,1.0,0.03325479242579335
253,1.6804137357729738,1.715206867886487,0.0,0.010416666666666666,5,0,10,0.0,0.03299775214018265
254,1.6804137357729738,1.715206867886487,0.010416666666666666,0.020833333333333332,5,1,20,0.4,0.0329103579779455
255,1.715206867886487,1.75,0.0,0.010416666666666666,5,0,10,0.0,0.03316077267495822
256,1.715206867886487,1.75,0.010416666666666666,0.020833333333333332,5,1,20,0.35,0.03331683707284811
257,1.6804137357729738,1.715206867886487,0.020833333333333332,0.03125,5,1,20,1.0,0.03312332943852937
258,1.6804137357729738,1.715206867886487,0.03125,0.041666666666666664,5,0,10,1.0,0.03310626677771196
259,1.715206867886487,1.75,0.020833333333333332,0.03125,5,0,10,1.0,0.033198982497276666
260,1.715206867886487,1.75,0.03125,0.041666666666666664,5,0,10,1.0,0.032963394468123346
261,1.6108274715459476,1.75,0.041666666666666664,0.08333333333333333,3,0,10,1.0,0.03365820396758977
262,1.4716549430918953,1.75,0.08333333333333333,0.16666666666666666,2,0,10,1.0,0.03348853708849505
263,1.1933098861837907,1.75,0.16666666666666666,0.3333333333333333,1,0,10,1.0,0.03276489748652801
